Date,Adj Close
1993-03-01,1.05
1993-03-02,1.09
1993-03-03,1.12
1993-03-04,1.12
1993-03-05,1.1
1993-03-08,1.1
1993-03-09,1.1
1993-03-10,1.09
1993-03-11,1.17
1993-03-12,1.16
1993-03-15,1.19
1993-03-16,1.18
1993-03-17,1.16
1993-03-18,1.16
1993-03-19,1.15
1993-03-22,1.15
1993-03-23,1.16
1993-03-24,1.16
1993-03-25,1.17
1993-03-26,1.13
1993-03-29,1.12
1993-03-30,1.1
1993-03-31,1.13
1993-04-01,1.14
1993-04-02,1.13
1993-04-05,1.12
1993-04-06,1.04
1993-04-07,1.07
1993-04-08,1.16
1993-04-12,1.16
1993-04-13,1.18
1993-04-14,1.18
1993-04-15,1.18
1993-04-16,1.16
1993-04-19,1.19
1993-04-20,1.13
1993-04-21,1.16
1993-04-22,1.16
1993-04-23,1.13
1993-04-26,1.12
1993-04-27,1.13
1993-04-28,1.15
1993-04-29,1.16
1993-04-30,1.16
1993-05-03,1.21
1993-05-04,1.25
1993-05-05,1.26
1993-05-06,1.27
1993-05-07,1.26
1993-05-10,1.31
1993-05-11,1.34
1993-05-12,1.32
1993-05-13,1.29
1993-05-14,1.32
1993-05-17,1.31
1993-05-18,1.33
1993-05-19,1.33
1993-05-20,1.42
1993-05-21,1.39
1993-05-24,1.4
1993-05-25,1.41
1993-05-26,1.43
1993-05-27,1.45
1993-05-28,1.43
1993-06-01,1.4
1993-06-02,1.4
1993-06-03,1.44
1993-06-04,1.42
1993-06-07,1.45
1993-06-08,1.38
1993-06-09,1.39
1993-06-10,1.41
1993-06-11,1.46
1993-06-14,1.45
1993-06-15,1.42
1993-06-16,1.44
1993-06-17,1.45
1993-06-18,1.38
1993-06-21,1.35
1993-06-22,1.39
1993-06-23,1.37
1993-06-24,1.42
1993-06-25,1.45
1993-06-28,1.46
1993-06-29,1.43
1993-06-30,1.46
1993-07-01,1.48
1993-07-02,1.54
1993-07-06,1.6
1993-07-07,1.58
1993-07-08,1.59
1993-07-09,1.54
1993-07-12,1.48
1993-07-13,1.44
1993-07-14,1.48
1993-07-15,1.49
1993-07-16,1.49
1993-07-19,1.46
1993-07-20,1.48
1993-07-21,1.5
1993-07-22,1.44
1993-07-23,1.45
1993-07-26,1.42
1993-07-27,1.46
1993-07-28,1.43
1993-07-29,1.44
1993-07-30,1.42
1993-08-02,1.36
1993-08-03,1.35
1993-08-04,1.37
1993-08-05,1.42
1993-08-06,1.42
1993-08-09,1.46
1993-08-10,1.45
1993-08-11,1.48
1993-08-12,1.44
1993-08-13,1.44
1993-08-16,1.44
1993-08-17,1.45
1993-08-18,1.4
1993-08-19,1.39
1993-08-20,1.35
1993-08-23,1.4
1993-08-24,1.39
1993-08-25,1.42
1993-08-26,1.41
1993-08-27,1.41
1993-08-30,1.47
1993-08-31,1.45
1993-09-01,1.51
1993-09-02,1.55
1993-09-03,1.51
1993-09-07,1.45
1993-09-08,1.46
1993-09-09,1.49
1993-09-10,1.51
1993-09-13,1.48
1993-09-14,1.45
1993-09-15,1.44
1993-09-16,1.44
1993-09-17,1.44
1993-09-20,1.42
1993-09-21,1.4
1993-09-22,1.46
1993-09-23,1.45
1993-09-24,1.46
1993-09-27,1.5
1993-09-28,1.56
1993-09-29,1.6
1993-09-30,1.63
1993-10-01,1.6
1993-10-04,1.58
1993-10-05,1.57
1993-10-06,1.55
1993-10-07,1.62
1993-10-08,1.62
1993-10-11,1.62
1993-10-12,1.62
1993-10-13,1.61
1993-10-14,1.62
1993-10-15,1.62
1993-10-18,1.62
1993-10-19,1.55
1993-10-20,1.52
1993-10-21,1.62
1993-10-22,1.61
1993-10-25,1.55
1993-10-26,1.55
1993-10-27,1.55
1993-10-28,1.61
1993-10-29,1.6
1993-11-01,1.62
1993-11-02,1.6
1993-11-03,1.54
1993-11-04,1.52
1993-11-05,1.58
1993-11-08,1.6
1993-11-09,1.57
1993-11-10,1.55
1993-11-11,1.54
1993-11-12,1.54
1993-11-15,1.49
1993-11-16,1.49
1993-11-17,1.43
1993-11-18,1.39
1993-11-19,1.35
1993-11-22,1.28
1993-11-23,1.37
1993-11-24,1.34
1993-11-26,1.34
1993-11-29,1.35
1993-11-30,1.33
1993-12-01,1.36
1993-12-02,1.37
1993-12-03,1.44
1993-12-06,1.48
1993-12-07,1.43
1993-12-08,1.39
1993-12-09,1.39
1993-12-10,1.35
1993-12-13,1.34
1993-12-14,1.33
1993-12-15,1.34
1993-12-16,1.36
1993-12-17,1.35
1993-12-20,1.33
1993-12-21,1.25
1993-12-22,1.29
1993-12-23,1.31
1993-12-27,1.31
1993-12-28,1.33
1993-12-29,1.33
1993-12-30,1.3
1993-12-31,1.33
1994-01-03,1.34
1994-01-04,1.36
1994-01-05,1.27
1994-01-06,1.16
1994-01-07,1.24
1994-01-10,1.18
1994-01-11,1.3
1994-01-12,1.37
1994-01-13,1.4
1994-01-14,1.36
1994-01-17,1.36
1994-01-18,1.42
1994-01-19,1.43
1994-01-20,1.43
1994-01-21,1.43
1994-01-24,1.4
1994-01-25,1.42
1994-01-26,1.43
1994-01-27,1.43
1994-01-28,1.4
1994-01-31,1.43
1994-02-01,1.41
1994-02-02,1.43
1994-02-03,1.45
1994-02-04,1.36
1994-02-07,1.36
1994-02-08,1.39
1994-02-09,1.33
1994-02-10,1.34
1994-02-11,1.34
1994-02-14,1.34
1994-02-15,1.33
1994-02-16,1.38
1994-02-17,1.37
1994-02-18,1.34
1994-02-22,1.39
1994-02-23,1.39
1994-02-24,1.33
1994-02-25,1.34
1994-02-28,1.39
1994-03-01,1.36
1994-03-02,1.37
1994-03-03,1.36
1994-03-04,1.34
1994-03-07,1.34
1994-03-08,1.36
1994-03-09,1.33
1994-03-10,1.34
1994-03-11,1.34
1994-03-14,1.33
1994-03-15,1.46
1994-03-16,1.45
1994-03-17,1.45
1994-03-18,1.39
1994-03-21,1.42
1994-03-22,1.48
1994-03-23,1.47
1994-03-24,1.42
1994-03-25,1.45
1994-03-28,1.49
1994-03-29,1.45
1994-03-30,1.49
1994-03-31,1.45
1994-04-04,1.44
1994-04-05,1.54
1994-04-06,1.58
1994-04-07,1.61
1994-04-08,1.58
1994-04-11,1.59
1994-04-12,1.58
1994-04-13,1.54
1994-04-14,1.54
1994-04-15,1.5
1994-04-18,1.51
1994-04-19,1.51
1994-04-20,1.46
1994-04-21,1.53
1994-04-22,1.54
1994-04-25,1.57
1994-04-26,1.6
1994-04-28,1.68
1994-04-29,1.77
1994-05-02,1.8
1994-05-03,1.71
1994-05-04,1.71
1994-05-05,1.67
1994-05-06,1.68
1994-05-09,1.68
1994-05-10,1.65
1994-05-11,1.6
1994-05-12,1.57
1994-05-13,1.51
1994-05-16,1.55
1994-05-17,1.57
1994-05-18,1.64
1994-05-19,1.73
1994-05-20,1.71
1994-05-23,1.71
1994-05-24,1.71
1994-05-25,1.68
1994-05-26,1.68
1994-05-27,1.73
1994-05-31,1.7
1994-06-01,1.73
1994-06-02,1.86
1994-06-03,1.91
1994-06-06,1.86
1994-06-07,1.77
1994-06-08,1.76
1994-06-09,1.8
1994-06-10,1.82
1994-06-13,1.79
1994-06-14,1.74
1994-06-15,1.74
1994-06-16,1.77
1994-06-17,1.77
1994-06-20,1.7
1994-06-21,1.68
1994-06-22,1.68
1994-06-23,1.6
1994-06-24,1.6
1994-06-27,1.61
1994-06-28,1.56
1994-06-29,1.51
1994-06-30,1.51
1994-07-01,1.49
1994-07-05,1.49
1994-07-06,1.53
1994-07-07,1.48
1994-07-08,1.51
1994-07-11,1.42
1994-07-12,1.48
1994-07-13,1.54
1994-07-14,1.63
1994-07-15,1.66
1994-07-18,1.62
1994-07-19,1.6
1994-07-20,1.65
1994-07-21,1.68
1994-07-22,1.71
1994-07-25,1.71
1994-07-26,1.77
1994-07-27,1.77
1994-07-28,1.7
1994-07-29,1.73
1994-08-01,1.71
1994-08-02,1.73
1994-08-03,1.72
1994-08-04,1.61
1994-08-05,1.65
1994-08-08,1.7
1994-08-09,1.71
1994-08-10,1.73
1994-08-11,1.7
1994-08-12,1.68
1994-08-15,1.67
1994-08-16,1.62
1994-08-17,1.61
1994-08-18,1.64
1994-08-19,1.64
1994-08-22,1.68
1994-08-23,1.68
1994-08-24,1.74
1994-08-25,1.7
1994-08-26,1.72
1994-08-29,1.74
1994-08-30,1.72
1994-08-31,1.68
1994-09-01,1.7
1994-09-02,1.74
1994-09-06,1.74
1994-09-07,1.73
1994-09-08,1.58
1994-09-09,1.51
1994-09-12,1.54
1994-09-13,1.59
1994-09-14,1.61
1994-09-15,1.65
1994-09-16,1.64
1994-09-19,1.6
1994-09-20,1.57
1994-09-21,1.51
1994-09-22,1.43
1994-09-23,1.39
1994-09-26,1.39
1994-09-27,1.43
1994-09-28,1.42
1994-09-29,1.43
1994-09-30,1.38
1994-10-03,1.37
1994-10-04,1.33
1994-10-05,1.34
1994-10-06,1.35
1994-10-07,1.37
1994-10-10,1.39
1994-10-11,1.51
1994-10-12,1.51
1994-10-13,1.52
1994-10-14,1.46
1994-10-17,1.49
1994-10-18,1.46
1994-10-19,1.48
1994-10-20,1.48
1994-10-21,1.5
1994-10-24,1.43
1994-10-25,1.45
1994-10-26,1.49
1994-10-27,1.54
1994-10-28,1.67
1994-10-31,1.62
1994-11-01,1.61
1994-11-02,1.67
1994-11-03,1.68
1994-11-04,1.71
1994-11-07,1.71
1994-11-08,1.71
1994-11-09,1.68
1994-11-10,1.7
1994-11-11,1.68
1994-11-14,1.68
1994-11-15,1.67
1994-11-16,1.7
1994-11-17,1.68
1994-11-18,1.68
1994-11-21,1.68
1994-11-22,1.6
1994-11-23,1.57
1994-11-25,1.56
1994-11-28,1.59
1994-11-29,1.62
1994-11-30,1.6
1994-12-01,1.56
1994-12-02,1.59
1994-12-05,1.6
1994-12-06,1.59
1994-12-07,1.51
1994-12-08,1.48
1994-12-09,1.48
1994-12-12,1.52
1994-12-13,1.56
1994-12-14,1.54
1994-12-15,1.54
1994-12-16,1.62
1994-12-19,1.61
1994-12-20,1.57
1994-12-21,1.6
1994-12-22,1.58
1994-12-23,1.6
1994-12-27,1.62
1994-12-28,1.62
1994-12-29,1.65
1994-12-30,1.64
1995-01-03,1.6
1995-01-04,1.57
1995-01-05,1.52
1995-01-06,1.48
1995-01-09,1.52
1995-01-10,1.53
1995-01-11,1.51
1995-01-12,1.5
1995-01-13,1.48
1995-01-16,1.49
1995-01-17,1.45
1995-01-18,1.46
1995-01-19,1.45
1995-01-20,1.46
1995-01-23,1.43
1995-01-24,1.43
1995-01-25,1.42
1995-01-26,1.42
1995-01-27,1.45
1995-01-30,1.43
1995-01-31,1.43
1995-02-01,1.39
1995-02-02,1.43
1995-02-03,1.51
1995-02-06,1.48
1995-02-07,1.52
1995-02-08,1.55
1995-02-09,1.53
1995-02-10,1.51
1995-02-13,1.53
1995-02-14,1.57
1995-02-15,1.55
1995-02-16,1.53
1995-02-17,1.51
1995-02-21,1.48
1995-02-22,1.45
1995-02-23,1.47
1995-02-24,1.42
1995-02-27,1.41
1995-02-28,1.42
1995-03-01,1.47
1995-03-02,1.43
1995-03-03,1.46
1995-03-06,1.46
1995-03-07,1.44
1995-03-08,1.46
1995-03-09,1.49
1995-03-10,1.51
1995-03-13,1.46
1995-03-14,1.45
1995-03-15,1.46
1995-03-16,1.52
1995-03-17,1.52
1995-03-20,1.51
1995-03-21,1.44
1995-03-22,1.38
1995-03-23,1.38
1995-03-24,1.35
1995-03-27,1.36
1995-03-28,1.4
1995-03-29,1.4
1995-03-30,1.41
1995-03-31,1.43
1995-04-03,1.42
1995-04-04,1.44
1995-04-05,1.45
1995-04-06,1.53
1995-04-07,1.49
1995-04-10,1.48
1995-04-11,1.47
1995-04-12,1.5
1995-04-13,1.53
1995-04-17,1.52
1995-04-18,1.52
1995-04-19,1.52
1995-04-20,1.48
1995-04-21,1.46
1995-04-24,1.41
1995-04-25,1.41
1995-04-26,1.4
1995-04-27,1.41
1995-04-28,1.4
1995-05-01,1.46
1995-05-02,1.48
1995-05-03,1.49
1995-05-04,1.6
1995-05-05,1.59
1995-05-08,1.6
1995-05-09,1.55
1995-05-10,1.59
1995-05-11,1.67
1995-05-12,1.74
1995-05-15,1.81
1995-05-16,1.79
1995-05-17,1.74
1995-05-18,1.74
1995-05-19,1.74
1995-05-22,1.78
1995-05-23,1.83
1995-05-24,1.85
1995-05-25,1.86
1995-05-26,1.81
1995-05-30,1.73
1995-05-31,1.73
1995-06-01,1.77
1995-06-02,1.82
1995-06-05,1.89
1995-06-06,1.86
1995-06-07,1.92
1995-06-08,2.01
1995-06-09,2.01
1995-06-12,2.01
1995-06-13,2.02
1995-06-14,2.04
1995-06-15,2.07
1995-06-16,2.03
1995-06-19,2.11
1995-06-20,2.07
1995-06-21,2.08
1995-06-22,2.18
1995-06-23,2.19
1995-06-26,2.18
1995-06-27,2.12
1995-06-28,2.08
1995-06-29,2.11
1995-06-30,2.12
1995-07-03,2.12
1995-07-05,2.14
1995-07-06,2.28
1995-07-07,2.35
1995-07-10,2.24
1995-07-11,2.21
1995-07-12,2.26
1995-07-13,2.33
1995-07-14,2.26
1995-07-17,2.25
1995-07-18,2.21
1995-07-19,2.13
1995-07-20,2.13
1995-07-21,2.22
1995-07-24,2.31
1995-07-25,2.44
1995-07-26,2.42
1995-07-27,2.42
1995-07-28,2.31
1995-07-31,2.23
1995-08-01,2.35
1995-08-02,2.35
1995-08-03,2.3
1995-08-04,2.28
1995-08-07,2.25
1995-08-08,2.26
1995-08-09,2.27
1995-08-10,2.26
1995-08-11,2.24
1995-08-14,2.23
1995-08-15,2.31
1995-08-16,2.39
1995-08-17,2.38
1995-08-18,2.37
1995-08-21,2.38
1995-08-22,2.36
1995-08-23,2.39
1995-08-24,2.37
1995-08-25,2.38
1995-08-28,2.33
1995-08-29,2.27
1995-08-30,2.33
1995-08-31,2.39
1995-09-01,2.35
1995-09-05,2.39
1995-09-06,2.44
1995-09-07,2.5
1995-09-08,2.51
1995-09-11,2.57
1995-09-12,2.54
1995-09-13,2.59
1995-09-14,2.59
1995-09-15,2.5
1995-09-18,2.5
1995-09-19,2.57
1995-09-20,2.59
1995-09-21,2.5
1995-09-22,2.53
1995-09-25,2.49
1995-09-26,2.56
1995-09-27,2.51
1995-09-28,2.52
1995-09-29,2.26
1995-10-02,2.24
1995-10-03,2.15
1995-10-04,2.05
1995-10-05,2.14
1995-10-06,2.16
1995-10-09,2.09
1995-10-10,2.05
1995-10-11,2.16
1995-10-12,2.18
1995-10-13,2.18
1995-10-16,2.14
1995-10-17,2.16
1995-10-18,2.25
1995-10-19,2.27
1995-10-20,2.28
1995-10-23,2.29
1995-10-24,2.28
1995-10-25,2.27
1995-10-26,2.28
1995-10-27,2.3
1995-10-30,2.35
1995-10-31,2.34
1995-11-01,2.38
1995-11-02,2.37
1995-11-03,2.39
1995-11-06,2.39
1995-11-07,2.38
1995-11-08,2.39
1995-11-09,2.44
1995-11-10,2.42
1995-11-13,2.52
1995-11-14,2.51
1995-11-15,2.5
1995-11-16,2.65
1995-11-17,2.57
1995-11-20,2.54
1995-11-21,2.56
1995-11-22,2.62
1995-11-24,2.61
1995-11-27,2.49
1995-11-28,2.56
1995-11-29,2.59
1995-11-30,2.52
1995-12-01,2.47
1995-12-04,2.56
1995-12-05,2.65
1995-12-06,2.66
1995-12-07,2.74
1995-12-08,2.73
1995-12-11,2.71
1995-12-12,2.67
1995-12-13,2.67
1995-12-14,2.61
1995-12-15,2.58
1995-12-18,2.47
1995-12-19,2.34
1995-12-20,2.31
1995-12-21,2.33
1995-12-22,2.36
1995-12-26,2.39
1995-12-27,2.47
1995-12-28,2.46
1995-12-29,2.5
1996-01-02,2.33
1996-01-03,2.09
1996-01-04,2.03
1996-01-05,2.15
1996-01-08,2.1
1996-01-09,2.04
1996-01-10,2.03
1996-01-11,2.12
1996-01-12,2.09
1996-01-15,1.97
1996-01-16,2.03
1996-01-17,2
1996-01-18,1.97
1996-01-19,2.01
1996-01-22,1.98
1996-01-23,2.04
1996-01-24,2.03
1996-01-25,1.83
1996-01-26,1.85
1996-01-29,1.89
1996-01-30,1.95
1996-01-31,2
1996-02-01,2.12
1996-02-02,2.03
1996-02-05,2.01
1996-02-06,1.98
1996-02-07,1.92
1996-02-08,2.09
1996-02-09,2.06
1996-02-12,2
1996-02-13,1.98
1996-02-14,1.94
1996-02-15,1.94
1996-02-16,1.97
1996-02-20,1.97
1996-02-21,1.96
1996-02-22,2.06
1996-02-23,2.06
1996-02-26,2.07
1996-02-27,1.94
1996-02-28,2.01
1996-02-29,2.1
1996-03-01,2.13
1996-03-04,2.34
1996-03-05,2.3
1996-03-06,2.46
1996-03-07,2.4
1996-03-08,2.33
1996-03-11,2.36
1996-03-12,2.41
1996-03-13,2.53
1996-03-14,2.65
1996-03-15,2.71
1996-03-18,2.76
1996-03-19,2.61
1996-03-20,2.65
1996-03-21,2.62
1996-03-22,2.59
1996-03-25,2.58
1996-03-26,2.61
1996-03-27,2.61
1996-03-28,2.65
1996-03-29,2.78
1996-04-01,3
1996-04-02,2.97
1996-04-03,2.94
1996-04-04,3.1
1996-04-08,3.07
1996-04-09,3.1
1996-04-10,3.01
1996-04-11,2.97
1996-04-12,2.98
1996-04-15,3.03
1996-04-16,3.17
1996-04-17,3.12
1996-04-18,3.17
1996-04-19,3.1
1996-04-22,3.03
1996-04-23,3.13
1996-04-24,3.04
1996-04-25,3.49
1996-04-26,3.33
1996-04-29,3.26
1996-04-30,3.23
1996-05-01,3.35
1996-05-02,3.32
1996-05-03,3.29
1996-05-06,3.23
1996-05-07,3.14
1996-05-08,3.04
1996-05-09,3.31
1996-05-10,3.29
1996-05-13,3.35
1996-05-14,3.46
1996-05-15,3.44
1996-05-16,3.46
1996-05-17,3.42
1996-05-20,3.41
1996-05-21,3.34
1996-05-22,3.32
1996-05-23,3.31
1996-05-24,3.34
1996-05-28,3.23
1996-05-29,3.17
1996-05-30,3.23
1996-05-31,3.23
1996-06-03,3.19
1996-06-04,3.13
1996-06-05,3.26
1996-06-06,3.14
1996-06-07,3.12
1996-06-10,3.04
1996-06-11,3.26
1996-06-12,3.25
1996-06-13,3.19
1996-06-14,3.12
1996-06-17,3.06
1996-06-18,3.13
1996-06-19,3.17
1996-06-20,3.14
1996-06-21,3.14
1996-06-24,3.2
1996-06-25,3.2
1996-06-26,3.21
1996-06-27,3.22
1996-06-28,3.37
1996-07-01,3.46
1996-07-02,3.4
1996-07-03,3.46
1996-07-05,3.36
1996-07-08,3.21
1996-07-09,3.32
1996-07-10,3.13
1996-07-11,2.98
1996-07-12,3.03
1996-07-15,2.86
1996-07-16,2.88
1996-07-17,2.97
1996-07-18,2.98
1996-07-19,2.91
1996-07-22,2.98
1996-07-23,2.86
1996-07-24,2.76
1996-07-25,2.84
1996-07-26,3.19
1996-07-29,3.14
1996-07-30,3.17
1996-07-31,3.1
1996-08-01,3.28
1996-08-02,3.32
1996-08-05,3.35
1996-08-06,3.41
1996-08-07,3.52
1996-08-08,3.47
1996-08-09,3.53
1996-08-12,3.52
1996-08-13,3.39
1996-08-14,3.5
1996-08-15,3.49
1996-08-16,3.49
1996-08-19,3.44
1996-08-20,3.43
1996-08-21,3.4
1996-08-22,3.64
1996-08-23,3.58
1996-08-26,3.61
1996-08-27,3.64
1996-08-28,3.83
1996-08-29,3.94
1996-08-30,3.91
1996-09-03,3.82
1996-09-04,4.11
1996-09-05,3.89
1996-09-06,3.98
1996-09-09,4
1996-09-10,3.95
1996-09-11,3.88
1996-09-12,4.07
1996-09-13,4.11
1996-09-16,4.19
1996-09-17,4.17
1996-09-18,4.26
1996-09-19,4.17
1996-09-20,4.22
1996-09-23,4.19
1996-09-24,4.11
1996-09-25,4
1996-09-26,4
1996-09-27,3.92
1996-09-30,3.94
1996-10-01,4.19
1996-10-02,4.41
1996-10-03,4.67
1996-10-04,4.77
1996-10-07,4.63
1996-10-08,4.31
1996-10-09,4.23
1996-10-10,4.35
1996-10-11,4.4
1996-10-14,4.43
1996-10-15,4.46
1996-10-16,4.35
1996-10-17,4.4
1996-10-18,4.47
1996-10-21,4.37
1996-10-22,4.38
1996-10-23,4.35
1996-10-24,4.32
1996-10-25,4.31
1996-10-28,4.26
1996-10-29,4.23
1996-10-30,4.17
1996-10-31,3.88
1996-11-01,3.89
1996-11-04,3.99
1996-11-05,4.07
1996-11-06,4.11
1996-11-07,4.1
1996-11-08,3.98
1996-11-11,4
1996-11-12,4.01
1996-11-13,3.8
1996-11-14,4.1
1996-11-15,4.07
1996-11-18,4.17
1996-11-19,4.25
1996-11-20,4.2
1996-11-21,4.25
1996-11-22,4.29
1996-11-25,4.29
1996-11-26,4.23
1996-11-27,4.07
1996-11-29,4.13
1996-12-02,4.28
1996-12-03,4.29
1996-12-04,4.22
1996-12-05,4.07
1996-12-06,3.93
1996-12-09,4.11
1996-12-10,4
1996-12-11,3.95
1996-12-12,3.94
1996-12-13,3.92
1996-12-16,3.82
1996-12-17,3.8
1996-12-18,3.65
1996-12-19,3.76
1996-12-20,3.65
1996-12-23,3.53
1996-12-24,3.53
1996-12-26,3.76
1996-12-27,3.64
1996-12-30,3.53
1996-12-31,3.41
1997-01-02,3.31
1997-01-03,3.58
1997-01-06,3.53
1997-01-07,3.53
1997-01-08,3.5
1997-01-09,3.55
1997-01-10,3.59
1997-01-13,3.47
1997-01-14,3.44
1997-01-15,3.58
1997-01-16,3.59
1997-01-17,3.88
1997-01-20,3.83
1997-01-21,3.83
1997-01-22,4.03
1997-01-23,4.17
1997-01-24,4.1
1997-01-27,4.07
1997-01-28,4.11
1997-01-29,4.05
1997-01-30,4.1
1997-01-31,4.08
1997-02-03,4.26
1997-02-04,4.23
1997-02-05,4.26
1997-02-06,4.31
1997-02-07,4.29
1997-02-10,4.17
1997-02-11,4.11
1997-02-12,4.41
1997-02-13,4.43
1997-02-14,4.37
1997-02-18,4.26
1997-02-19,4.22
1997-02-20,4.15
1997-02-21,4.13
1997-02-24,4.07
1997-02-25,4.05
1997-02-26,3.95
1997-02-27,4.08
1997-02-28,4.01
1997-03-03,3.95
1997-03-04,4
1997-03-05,3.88
1997-03-06,3.68
1997-03-07,3.7
1997-03-10,3.64
1997-03-11,3.5
1997-03-12,3.53
1997-03-13,3.62
1997-03-14,3.76
1997-03-17,3.67
1997-03-18,3.83
1997-03-19,3.82
1997-03-20,3.71
1997-03-21,3.76
1997-03-24,3.73
1997-03-25,3.77
1997-03-26,3.85
1997-03-27,3.73
1997-03-31,3.53
1997-04-01,3.61
1997-04-02,3.53
1997-04-03,3.46
1997-04-04,3.67
1997-04-07,3.65
1997-04-08,3.67
1997-04-09,3.62
1997-04-10,3.52
1997-04-11,3.4
1997-04-14,3.47
1997-04-15,3.4
1997-04-16,3.29
1997-04-17,3.25
1997-04-18,3.46
1997-04-21,3.41
1997-04-22,3.43
1997-04-23,3.49
1997-04-24,3.34
1997-04-25,3.25
1997-04-28,3.3
1997-04-29,3.46
1997-04-30,3.56
1997-05-01,3.49
1997-05-02,3.58
1997-05-05,3.56
1997-05-06,3.49
1997-05-07,3.44
1997-05-08,3.38
1997-05-09,3.37
1997-05-12,3.4
1997-05-13,3.43
1997-05-14,3.46
1997-05-15,3.44
1997-05-16,3.46
1997-05-19,3.64
1997-05-20,3.66
1997-05-21,3.82
1997-05-22,3.8
1997-05-23,4.03
1997-05-27,4
1997-05-28,3.91
1997-05-29,3.77
1997-05-30,3.76
1997-06-02,3.72
1997-06-03,3.72
1997-06-04,3.61
1997-06-05,3.58
1997-06-06,3.59
1997-06-09,3.78
1997-06-10,3.85
1997-06-11,3.92
1997-06-12,4.17
1997-06-13,4.41
1997-06-16,4.35
1997-06-17,4.3
1997-06-18,4.16
1997-06-19,4.26
1997-06-20,4.26
1997-06-23,4.34
1997-06-24,4.67
1997-06-25,4.67
1997-06-26,4.64
1997-06-27,4.67
1997-06-30,4.64
1997-07-01,4.61
1997-07-02,4.6
1997-07-03,4.43
1997-07-07,4.29
1997-07-08,4.26
1997-07-09,4.28
1997-07-10,4.13
1997-07-11,4.2
1997-07-14,4.3
1997-07-15,4.41
1997-07-16,4.55
1997-07-17,4.44
1997-07-18,4.41
1997-07-21,4.38
1997-07-22,4.47
1997-07-23,4.41
1997-07-24,4.55
1997-07-25,4.52
1997-07-28,4.54
1997-07-29,4.47
1997-07-30,4.69
1997-07-31,4.88
1997-08-01,4.73
1997-08-04,4.61
1997-08-05,4.73
1997-08-06,4.63
1997-08-07,4.65
1997-08-08,4.58
1997-08-11,4.56
1997-08-12,4.47
1997-08-13,4.73
1997-08-14,4.94
1997-08-15,4.82
1997-08-18,4.85
1997-08-19,4.97
1997-08-20,4.96
1997-08-21,4.89
1997-08-22,4.87
1997-08-25,5.11
1997-08-26,5.05
1997-08-27,4.99
1997-08-28,4.8
1997-08-29,4.89
1997-09-02,4.89
1997-09-03,4.88
1997-09-04,4.8
1997-09-05,4.79
1997-09-08,4.96
1997-09-09,5.11
1997-09-10,5.02
1997-09-11,4.92
1997-09-12,5.09
1997-09-15,5.19
1997-09-16,5.32
1997-09-17,5.23
1997-09-18,5.2
1997-09-19,5.13
1997-09-22,5.11
1997-09-23,4.9
1997-09-24,5.07
1997-09-25,4.94
1997-09-26,4.86
1997-09-29,4.91
1997-09-30,4.99
1997-10-01,4.83
1997-10-02,4.52
1997-10-03,4.39
1997-10-06,4.51
1997-10-07,4.61
1997-10-08,4.61
1997-10-09,4.39
1997-10-10,4.41
1997-10-13,4.41
1997-10-14,4.48
1997-10-15,4.52
1997-10-16,4.38
1997-10-17,4.5
1997-10-20,4.58
1997-10-21,4.66
1997-10-22,4.61
1997-10-23,4.38
1997-10-24,4.35
1997-10-27,4.19
1997-10-28,4.25
1997-10-29,4.26
1997-10-30,4.07
1997-10-31,3.94
1997-11-03,3.99
1997-11-04,3.89
1997-11-05,3.98
1997-11-06,4.01
1997-11-07,3.89
1997-11-10,3.92
1997-11-11,3.89
1997-11-12,3.75
1997-11-13,3.83
1997-11-14,4.14
1997-11-17,4.19
1997-11-18,4.21
1997-11-19,4.13
1997-11-20,4.23
1997-11-21,4.17
1997-11-24,4.08
1997-11-25,4.11
1997-11-26,4.08
1997-11-28,4.16
1997-12-01,4.44
1997-12-02,4.49
1997-12-03,4.7
1997-12-04,4.67
1997-12-05,4.73
1997-12-08,4.75
1997-12-09,4.64
1997-12-10,4.53
1997-12-11,4.52
1997-12-12,4.52
1997-12-15,4.65
1997-12-16,4.72
1997-12-17,4.67
1997-12-18,4.64
1997-12-19,4.67
1997-12-22,4.78
1997-12-23,4.75
1997-12-24,4.68
1997-12-26,4.67
1997-12-29,4.65
1997-12-30,4.58
1997-12-31,4.58
1998-01-02,4.49
1998-01-05,4.43
1998-01-06,4.26
1998-01-07,4.14
1998-01-08,4.26
1998-01-09,4.19
1998-01-12,4.19
1998-01-13,4.24
1998-01-14,4.2
1998-01-15,4.05
1998-01-16,4.06
1998-01-20,4.19
1998-01-21,4.07
1998-01-22,4.07
1998-01-23,4.16
1998-01-26,4.08
1998-01-27,4.01
1998-01-28,4.16
1998-01-29,4.36
1998-01-30,4.36
1998-02-02,4.5
1998-02-03,4.58
1998-02-04,4.63
1998-02-05,4.5
1998-02-06,4.55
1998-02-09,4.37
1998-02-10,4.39
1998-02-11,4.5
1998-02-12,4.51
1998-02-13,4.52
1998-02-17,4.58
1998-02-18,4.61
1998-02-19,4.44
1998-02-20,4.47
1998-02-23,4.51
1998-02-24,4.37
1998-02-25,4.5
1998-02-26,4.76
1998-02-27,4.72
1998-03-02,4.85
1998-03-03,4.81
1998-03-04,4.71
1998-03-05,4.6
1998-03-06,4.67
1998-03-09,4.76
1998-03-10,4.82
1998-03-11,4.98
1998-03-12,4.89
1998-03-13,4.83
1998-03-16,4.82
1998-03-17,4.89
1998-03-18,4.89
1998-03-19,4.88
1998-03-20,4.96
1998-03-23,4.87
1998-03-24,5
1998-03-25,5.07
1998-03-26,5.14
1998-03-27,5.1
1998-03-30,5.35
1998-03-31,5.4
1998-04-01,5.49
1998-04-02,5.51
1998-04-03,5.53
1998-04-06,5.3
1998-04-07,5.2
1998-04-08,5.17
1998-04-09,5.14
1998-04-13,5.19
1998-04-14,5.31
1998-04-15,5.41
1998-04-16,5.39
1998-04-17,5.43
1998-04-20,5.43
1998-04-21,5.4
1998-04-22,5.55
1998-04-23,5.57
1998-04-24,5.74
1998-04-27,5.42
1998-04-28,5.37
1998-04-29,5.55
1998-04-30,5.74
1998-05-01,5.7
1998-05-04,5.71
1998-05-05,5.6
1998-05-06,5.61
1998-05-07,5.54
1998-05-08,5.57
1998-05-11,5.57
1998-05-12,5.58
1998-05-13,5.73
1998-05-14,5.72
1998-05-15,5.61
1998-05-18,5.62
1998-05-19,5.71
1998-05-20,5.85
1998-05-21,5.72
1998-05-22,5.61
1998-05-26,5.41
1998-05-27,5.52
1998-05-28,5.81
1998-05-29,5.72
1998-06-01,5.62
1998-06-02,5.64
1998-06-03,5.58
1998-06-04,5.66
1998-06-05,5.71
1998-06-08,5.89
1998-06-09,5.85
1998-06-10,5.76
1998-06-11,5.72
1998-06-12,5.86
1998-06-15,5.96
1998-06-16,6
1998-06-17,6.42
1998-06-18,6.14
1998-06-19,5.91
1998-06-22,5.93
1998-06-23,5.8
1998-06-24,6.1
1998-06-25,6.27
1998-06-26,6.46
1998-06-29,6.44
1998-06-30,6.37
1998-07-01,6.28
1998-07-02,6.75
1998-07-06,6.92
1998-07-07,6.69
1998-07-08,6.81
1998-07-09,6.89
1998-07-10,6.81
1998-07-13,6.9
1998-07-14,6.77
1998-07-15,6.72
1998-07-16,6.57
1998-07-17,6.75
1998-07-20,6.69
1998-07-21,6.72
1998-07-22,6.63
1998-07-23,6.6
1998-07-24,5.71
1998-07-27,5.52
1998-07-28,5.52
1998-07-29,5.61
1998-07-30,5.66
1998-07-31,4.99
1998-08-03,4.82
1998-08-04,4.93
1998-08-05,4.68
1998-08-06,4.88
1998-08-07,5.04
1998-08-10,5.07
1998-08-11,4.85
1998-08-12,4.98
1998-08-13,5
1998-08-14,4.59
1998-08-17,4.76
1998-08-18,5.06
1998-08-19,5.1
1998-08-20,4.98
1998-08-21,4.73
1998-08-24,4.6
1998-08-25,4.35
1998-08-26,4.15
1998-08-27,4.08
1998-08-28,3.9
1998-08-31,3.76
1998-09-01,3.88
1998-09-02,3.92
1998-09-03,3.71
1998-09-04,3.72
1998-09-08,3.97
1998-09-09,3.92
1998-09-10,3.78
1998-09-11,3.82
1998-09-14,3.81
1998-09-15,3.81
1998-09-16,3.73
1998-09-17,3.48
1998-09-18,3.59
1998-09-21,3.56
1998-09-22,3.63
1998-09-23,3.93
1998-09-24,4.25
1998-09-25,4.27
1998-09-28,4.89
1998-09-29,4.51
1998-09-30,4.32
1998-10-01,3.94
1998-10-02,4.35
1998-10-05,4.35
1998-10-06,4.41
1998-10-07,4.22
1998-10-08,4.07
1998-10-09,4.17
1998-10-12,4.31
1998-10-13,4.16
1998-10-14,4.08
1998-10-15,4.35
1998-10-16,4.52
1998-10-19,4.44
1998-10-20,4.46
1998-10-21,4.44
1998-10-22,4.59
1998-10-23,4.44
1998-10-26,4.61
1998-10-27,4.63
1998-10-28,4.71
1998-10-29,4.7
1998-10-30,5.17
1998-11-02,5.58
1998-11-03,5.4
1998-11-04,5.58
1998-11-05,5.82
1998-11-06,5.84
1998-11-09,5.53
1998-11-10,5.58
1998-11-11,5.4
1998-11-12,5.37
1998-11-13,5.12
1998-11-16,5.18
1998-11-17,5.29
1998-11-18,5.04
1998-11-19,5.24
1998-11-20,5.23
1998-11-23,5.49
1998-11-24,5.58
1998-11-25,5.52
1998-11-27,5.58
1998-11-30,5.5
1998-12-01,5.97
1998-12-02,5.84
1998-12-03,5.82
1998-12-04,5.84
1998-12-07,5.94
1998-12-08,5.93
1998-12-09,6.08
1998-12-10,5.75
1998-12-11,5.99
1998-12-14,5.9
1998-12-15,6.11
1998-12-16,5.96
1998-12-17,6.11
1998-12-18,6.37
1998-12-21,6.29
1998-12-22,6.08
1998-12-23,6.11
1998-12-24,6.25
1998-12-28,6.12
1998-12-29,6.29
1998-12-30,6.52
1998-12-31,6.69
1999-01-04,6.43
1999-01-05,6.2
1999-01-06,6.15
1999-01-07,6.17
1999-01-08,6.31
1999-01-11,6.32
1999-01-12,6.34
1999-01-13,6.29
1999-01-14,6.29
1999-01-15,6.26
1999-01-19,6.44
1999-01-20,6.52
1999-01-21,6.29
1999-01-22,5.97
1999-01-25,5.97
1999-01-26,6.07
1999-01-27,5.83
1999-01-28,5.84
1999-01-29,6.21
1999-02-01,6.11
1999-02-02,5.99
1999-02-03,6.19
1999-02-04,6.08
1999-02-05,5.95
1999-02-08,5.97
1999-02-09,5.82
1999-02-10,5.72
1999-02-11,5.93
1999-02-12,5.73
1999-02-16,5.72
1999-02-17,5.55
1999-02-18,5.6
1999-02-19,5.77
1999-02-22,5.95
1999-02-23,6.25
1999-02-24,6.2
1999-02-25,6.12
1999-02-26,6.31
1999-03-01,6.43
1999-03-02,6.53
1999-03-03,6.52
1999-03-04,6.75
1999-03-05,7.01
1999-03-08,7.26
1999-03-09,7.13
1999-03-10,7.32
1999-03-11,7.3
1999-03-12,7.16
1999-03-15,7.24
1999-03-16,7.25
1999-03-17,7.23
1999-03-18,7.22
1999-03-19,6.69
1999-03-22,7.08
1999-03-23,6.83
1999-03-24,6.93
1999-03-25,6.95
1999-03-26,6.77
1999-03-29,7.01
1999-03-30,6.74
1999-03-31,6.69
1999-04-01,7.07
1999-04-05,7.35
1999-04-06,7.33
1999-04-07,7.39
1999-04-08,7.6
1999-04-09,7.72
1999-04-12,7.74
1999-04-13,7.63
1999-04-14,7.51
1999-04-15,7.77
1999-04-16,7.62
1999-04-19,7.05
1999-04-20,7.35
1999-04-21,7.44
1999-04-22,7.81
1999-04-23,7.63
1999-04-26,8.18
1999-04-27,9.3
1999-04-28,8.69
1999-04-29,8.57
1999-04-30,8.81
1999-05-03,8.94
1999-05-04,8.68
1999-05-05,8.94
1999-05-06,8.41
1999-05-07,8.26
1999-05-10,8.84
1999-05-11,9.23
1999-05-12,9.48
1999-05-13,9.23
1999-05-14,9.2
1999-05-17,9.42
1999-05-18,8.75
1999-05-19,8.84
1999-05-20,8.65
1999-05-21,8.72
1999-05-24,8.23
1999-05-25,8.06
1999-05-26,8.69
1999-05-27,8.51
1999-05-28,8.8
1999-06-01,8.38
1999-06-02,9
1999-06-03,8.57
1999-06-04,8.59
1999-06-07,8.62
1999-06-08,8.42
1999-06-09,8.3
1999-06-10,8.45
1999-06-11,8.35
1999-06-14,8.38
1999-06-15,8.75
1999-06-16,8.92
1999-06-17,8.86
1999-06-18,8.81
1999-06-21,9.18
1999-06-22,8.62
1999-06-23,9.02
1999-06-24,8.77
1999-06-25,8.47
1999-06-28,8.14
1999-06-29,8.66
1999-06-30,8.96
1999-07-01,6.43
1999-07-02,6.57
1999-07-06,6.34
1999-07-07,5.96
1999-07-08,5.87
1999-07-09,5.98
1999-07-12,5.99
1999-07-13,6.11
1999-07-14,6.32
1999-07-15,6.16
1999-07-16,6.05
1999-07-19,5.96
1999-07-20,5.93
1999-07-21,6.02
1999-07-22,5.71
1999-07-23,6.17
1999-07-26,5.92
1999-07-27,5.95
1999-07-28,5.86
1999-07-29,5.72
1999-07-30,5.55
1999-08-02,5.47
1999-08-03,5.4
1999-08-04,5.22
1999-08-05,5.26
1999-08-06,5.04
1999-08-09,4.96
1999-08-10,4.78
1999-08-11,5.14
1999-08-12,4.9
1999-08-13,4.94
1999-08-16,4.98
1999-08-17,4.88
1999-08-18,4.92
1999-08-19,4.89
1999-08-20,4.89
1999-08-23,5.13
1999-08-24,5.19
1999-08-25,5.14
1999-08-26,5.19
1999-08-27,5.66
1999-08-30,5.28
1999-08-31,5.46
1999-09-01,5.5
1999-09-02,5.31
1999-09-03,5.55
1999-09-07,5.49
1999-09-08,5.31
1999-09-09,5.25
1999-09-10,5.22
1999-09-13,5.25
1999-09-14,5.41
1999-09-15,5.21
1999-09-16,5.1
1999-09-17,5.25
1999-09-20,5.02
1999-09-21,4.89
1999-09-22,5.01
1999-09-23,5.49
1999-09-24,5.69
1999-09-27,5.57
1999-09-28,6.2
1999-09-29,5.95
1999-09-30,5.91
1999-10-01,5.72
1999-10-04,5.55
1999-10-05,5.38
1999-10-06,5.72
1999-10-07,5.62
1999-10-08,5.75
1999-10-11,5.69
1999-10-12,5.56
1999-10-13,5.39
1999-10-14,5.4
1999-10-15,5.25
1999-10-18,5.14
1999-10-19,5.19
1999-10-20,5.38
1999-10-21,5.61
1999-10-22,5.57
1999-10-25,5.68
1999-10-26,5.83
1999-10-27,5.93
1999-10-28,6.2
1999-10-29,6.49
1999-11-01,6.45
1999-11-02,6.45
1999-11-03,6.35
1999-11-04,6.34
1999-11-05,6.86
1999-11-08,6.9
1999-11-09,6.93
1999-11-10,6.75
1999-11-11,6.75
1999-11-12,6.74
1999-11-15,6.72
1999-11-16,6.77
1999-11-17,6.89
1999-11-18,7.18
1999-11-19,6.77
1999-11-22,6.62
1999-11-23,6.44
1999-11-24,6.56
1999-11-26,6.38
1999-11-29,6.37
1999-11-30,6.34
1999-12-01,6.34
1999-12-02,6.6
1999-12-03,6.63
1999-12-06,6.43
1999-12-07,6.45
1999-12-08,6.16
1999-12-09,5.74
1999-12-10,6.04
1999-12-13,6.04
1999-12-14,5.9
1999-12-15,6.02
1999-12-16,6.02
1999-12-17,6.23
1999-12-20,6.2
1999-12-21,6.13
1999-12-22,6.08
1999-12-23,6.02
1999-12-27,5.93
1999-12-28,6.01
1999-12-29,5.89
1999-12-30,5.75
1999-12-31,5.78
2000-01-03,5.88
2000-01-04,5.69
2000-01-05,5.77
2000-01-06,5.98
2000-01-07,5.95
2000-01-10,6.2
2000-01-11,6.02
2000-01-12,6.04
2000-01-13,6.47
2000-01-14,6.31
2000-01-18,6.22
2000-01-19,6.08
2000-01-20,5.98
2000-01-21,5.96
2000-01-24,5.86
2000-01-25,6.2
2000-01-26,6.92
2000-01-27,6.89
2000-01-28,7.11
2000-01-31,7.63
2000-02-01,7.71
2000-02-02,7.59
2000-02-03,7.5
2000-02-04,8.2
2000-02-07,8.17
2000-02-08,8.35
2000-02-09,8.23
2000-02-10,7.63
2000-02-11,7.84
2000-02-14,8.1
2000-02-15,8.26
2000-02-16,8.16
2000-02-17,8.26
2000-02-18,7.9
2000-02-22,7.92
2000-02-23,8.32
2000-02-24,8.36
2000-02-25,8.05
2000-02-28,8.12
2000-02-29,8.38
2000-03-01,8.29
2000-03-02,7.93
2000-03-03,8.87
2000-03-06,8.56
2000-03-07,8.14
2000-03-08,8.08
2000-03-09,8.62
2000-03-10,8.5
2000-03-13,8.29
2000-03-14,7.98
2000-03-15,8.39
2000-03-16,9.15
2000-03-17,8.84
2000-03-20,8.39
2000-03-21,9.3
2000-03-22,9.33
2000-03-23,9.39
2000-03-24,9.21
2000-03-27,9.33
2000-03-28,9.05
2000-03-29,9.47
2000-03-30,9.48
2000-03-31,10.69
2000-04-03,9.88
2000-04-04,10.36
2000-04-05,9.44
2000-04-06,8.96
2000-04-07,9.56
2000-04-10,8.74
2000-04-11,9.05
2000-04-12,8.98
2000-04-13,9.5
2000-04-14,8.39
2000-04-17,8.62
2000-04-18,8.93
2000-04-19,8.88
2000-04-20,8.93
2000-04-24,9.53
2000-04-25,9.11
2000-04-26,8.86
2000-04-27,8.84
2000-04-28,7.21
2000-05-01,7.38
2000-05-02,7.62
2000-05-03,7.59
2000-05-04,7.98
2000-05-05,8.04
2000-05-08,7.87
2000-05-09,7.96
2000-05-10,7.77
2000-05-11,7.93
2000-05-12,7.77
2000-05-15,7.75
2000-05-16,7.93
2000-05-17,7.74
2000-05-18,7.32
2000-05-19,7.18
2000-05-22,7.12
2000-05-23,6.75
2000-05-24,7.39
2000-05-25,7.12
2000-05-26,6.95
2000-05-30,7.89
2000-05-31,8.11
2000-06-01,8.23
2000-06-02,8.78
2000-06-05,8.5
2000-06-06,8.94
2000-06-07,8.24
2000-06-08,8.42
2000-06-09,8.53
2000-06-12,8.08
2000-06-13,8.57
2000-06-14,8.39
2000-06-15,8.27
2000-06-16,8.32
2000-06-19,8.38
2000-06-20,8.47
2000-06-21,8.63
2000-06-22,8.54
2000-06-23,8.42
2000-06-26,8.65
2000-06-27,8.94
2000-06-28,9.11
2000-06-29,9.04
2000-06-30,9.11
2000-07-03,9.18
2000-07-05,9.14
2000-07-06,9.08
2000-07-07,9.97
2000-07-10,9.48
2000-07-11,9.53
2000-07-12,9.61
2000-07-13,9.54
2000-07-14,9.54
2000-07-17,9.5
2000-07-18,9.48
2000-07-19,9.48
2000-07-20,9.54
2000-07-21,9.53
2000-07-24,9.47
2000-07-25,9.2
2000-07-26,8.99
2000-07-27,8.62
2000-07-28,8.83
2000-07-31,8.94
2000-08-01,9.05
2000-08-02,9.36
2000-08-03,9.56
2000-08-04,9.94
2000-08-07,10.21
2000-08-08,10.23
2000-08-09,10.26
2000-08-10,10.23
2000-08-11,10.18
2000-08-14,10
2000-08-15,9.72
2000-08-16,9.65
2000-08-17,9.12
2000-08-18,8.74
2000-08-21,8.88
2000-08-22,8.94
2000-08-23,8.54
2000-08-24,8.62
2000-08-25,8.53
2000-08-28,8.6
2000-08-29,8.38
2000-08-30,8.75
2000-08-31,8.74
2000-09-01,8.99
2000-09-05,8.98
2000-09-06,8.81
2000-09-07,8.98
2000-09-08,8.65
2000-09-11,8.68
2000-09-12,8.92
2000-09-13,9.29
2000-09-14,9.05
2000-09-15,9.24
2000-09-18,8.95
2000-09-19,8.98
2000-09-20,9.04
2000-09-21,9.21
2000-09-22,9.33
2000-09-25,9.53
2000-09-26,9.42
2000-09-27,9.51
2000-09-28,9.79
2000-09-29,9.56
2000-10-02,9.63
2000-10-03,9.42
2000-10-04,9.72
2000-10-05,9.78
2000-10-06,9.59
2000-10-09,9.66
2000-10-10,9.67
2000-10-11,9.56
2000-10-12,9.14
2000-10-13,9.36
2000-10-16,9.67
2000-10-17,9.48
2000-10-18,9.61
2000-10-19,9.78
2000-10-20,9.61
2000-10-23,9.54
2000-10-24,9.63
2000-10-25,9.71
2000-10-26,9.78
2000-10-27,9.48
2000-10-30,9.93
2000-10-31,10.66
2000-11-01,10.63
2000-11-02,10.73
2000-11-03,11.17
2000-11-06,11.15
2000-11-07,11.22
2000-11-08,10.69
2000-11-09,10.69
2000-11-10,10.61
2000-11-13,10.59
2000-11-14,11.22
2000-11-15,11.34
2000-11-16,11.03
2000-11-17,11.43
2000-11-20,11.9
2000-11-21,11.32
2000-11-22,11.61
2000-11-24,11.45
2000-11-27,10.75
2000-11-28,10.62
2000-11-29,10.85
2000-11-30,10.87
2000-12-01,10.55
2000-12-04,10.7
2000-12-05,11.03
2000-12-06,10.97
2000-12-07,11.17
2000-12-08,11.18
2000-12-11,10.51
2000-12-12,10.72
2000-12-13,10.51
2000-12-14,10.39
2000-12-15,9.99
2000-12-18,10.39
2000-12-19,10.76
2000-12-20,10.5
2000-12-21,10.72
2000-12-22,10.79
2000-12-26,10.73
2000-12-27,10.55
2000-12-28,10.59
2000-12-29,10.55
2001-01-02,10.03
2001-01-03,10.32
2001-01-04,9.81
2001-01-05,9.96
2001-01-08,10.12
2001-01-09,9.96
2001-01-10,10.5
2001-01-11,10.57
2001-01-12,10.67
2001-01-16,10.69
2001-01-17,10.69
2001-01-18,10.84
2001-01-19,11.05
2001-01-22,10.79
2001-01-23,11.06
2001-01-24,10.35
2001-01-25,10.21
2001-01-26,10.88
2001-01-29,11.75
2001-01-30,11.63
2001-01-31,11.91
2001-02-01,11.7
2001-02-02,11.42
2001-02-05,11.43
2001-02-06,11.9
2001-02-07,11.9
2001-02-08,11.6
2001-02-09,11.52
2001-02-12,11.93
2001-02-13,11.6
2001-02-14,11.42
2001-02-15,11.75
2001-02-16,11.67
2001-02-20,11.52
2001-02-21,11.42
2001-02-22,11.3
2001-02-23,11.38
2001-02-26,11.4
2001-02-27,11.51
2001-02-28,11.36
2001-03-01,11.34
2001-03-02,11.33
2001-03-05,11.14
2001-03-06,11.15
2001-03-07,11.02
2001-03-08,11.34
2001-03-09,11.24
2001-03-12,10.72
2001-03-13,10.67
2001-03-14,10.32
2001-03-15,10.42
2001-03-16,10.45
2001-03-19,10.57
2001-03-20,10.32
2001-03-21,9.77
2001-03-22,9.56
2001-03-23,9.75
2001-03-26,9.93
2001-03-27,9.71
2001-03-28,9.82
2001-03-29,10
2001-03-30,10.12
2001-04-02,10.26
2001-04-03,9.96
2001-04-04,9.77
2001-04-05,9.77
2001-04-06,8.88
2001-04-09,9.21
2001-04-10,9.54
2001-04-11,9.6
2001-04-12,9.06
2001-04-16,9.2
2001-04-17,9.3
2001-04-18,9.9
2001-04-19,9.85
2001-04-20,9.6
2001-04-23,9.3
2001-04-24,8.99
2001-04-25,9.48
2001-04-26,9.46
2001-04-27,8.86
2001-04-30,9.23
2001-05-01,9.55
2001-05-02,9.4
2001-05-03,9.04
2001-05-04,9.06
2001-05-07,9
2001-05-08,8.87
2001-05-09,8.92
2001-05-10,8.88
2001-05-11,9.02
2001-05-14,9.22
2001-05-15,9.32
2001-05-16,9.55
2001-05-17,9.89
2001-05-18,9.87
2001-05-21,10.07
2001-05-22,10.11
2001-05-23,9.58
2001-05-24,9.72
2001-05-25,9.73
2001-05-29,9.48
2001-05-30,9.58
2001-05-31,9.31
2001-06-01,9.35
2001-06-04,9.15
2001-06-05,9.4
2001-06-06,9.17
2001-06-07,9.25
2001-06-08,9.08
2001-06-11,9.17
2001-06-12,9.26
2001-06-13,9.33
2001-06-14,9.15
2001-06-15,9.32
2001-06-18,9.4
2001-06-19,9.7
2001-06-20,10
2001-06-21,10.9
2001-06-22,10.51
2001-06-25,10.58
2001-06-26,10.44
2001-06-27,10.46
2001-06-28,10.81
2001-06-29,10.97
2001-07-02,10.86
2001-07-03,10.49
2001-07-05,10.46
2001-07-06,9.77
2001-07-09,9.99
2001-07-10,9.75
2001-07-11,9.87
2001-07-12,9.87
2001-07-13,9.78
2001-07-16,9.6
2001-07-17,9.57
2001-07-18,9.33
2001-07-19,9.27
2001-07-20,9.66
2001-07-23,9.39
2001-07-24,9.47
2001-07-25,9.35
2001-07-26,9.06
2001-07-27,8.94
2001-07-30,8.78
2001-07-31,8.61
2001-08-01,8.78
2001-08-02,8.81
2001-08-03,8.51
2001-08-06,8.36
2001-08-07,8.52
2001-08-08,8.4
2001-08-09,8.66
2001-08-10,8.57
2001-08-13,8.74
2001-08-14,8.59
2001-08-15,8.49
2001-08-16,8.62
2001-08-17,8.57
2001-08-20,8.92
2001-08-21,8.99
2001-08-22,8.96
2001-08-23,8.92
2001-08-24,8.85
2001-08-27,8.83
2001-08-28,8.51
2001-08-29,8.34
2001-08-30,8.32
2001-08-31,8.05
2001-09-04,7.86
2001-09-05,7.93
2001-09-06,7.75
2001-09-07,7.69
2001-09-10,7.85
2001-09-17,7.4
2001-09-18,7.44
2001-09-19,7.3
2001-09-20,7
2001-09-21,6.81
2001-09-24,7.14
2001-09-25,7.18
2001-09-26,6.68
2001-09-27,6.93
2001-09-28,7.13
2001-10-01,7.06
2001-10-02,6.95
2001-10-03,7.47
2001-10-04,7.19
2001-10-05,8.09
2001-10-08,8.14
2001-10-09,7.84
2001-10-10,8.01
2001-10-11,8.12
2001-10-12,7.63
2001-10-15,7.84
2001-10-16,8.05
2001-10-17,7.58
2001-10-18,7.78
2001-10-19,7.92
2001-10-22,8.21
2001-10-23,8.21
2001-10-24,8.29
2001-10-25,8.5
2001-10-26,8.52
2001-10-29,8.09
2001-10-30,8.27
2001-10-31,8.17
2001-11-01,8.25
2001-11-02,8.53
2001-11-05,8.87
2001-11-06,9.19
2001-11-07,9.06
2001-11-08,9.01
2001-11-09,9.08
2001-11-12,9.11
2001-11-13,9.21
2001-11-14,9.12
2001-11-15,9.14
2001-11-16,8.35
2001-11-19,8.3
2001-11-20,8.29
2001-11-21,8.26
2001-11-23,8.26
2001-11-26,8.29
2001-11-27,8.2
2001-11-28,8.07
2001-11-29,8.06
2001-11-30,8.45
2001-12-03,8.82
2001-12-04,9.38
2001-12-05,9.5
2001-12-06,9.32
2001-12-07,9.04
2001-12-10,9.12
2001-12-11,9.08
2001-12-12,8.94
2001-12-13,8.93
2001-12-14,9.16
2001-12-17,9.31
2001-12-18,9.31
2001-12-19,9.11
2001-12-20,8.78
2001-12-21,8.99
2001-12-24,9
2001-12-26,9.07
2001-12-27,9.24
2001-12-28,9.3
2001-12-31,9.09
2002-01-02,9.31
2002-01-03,9.74
2002-01-04,10.55
2002-01-07,10.42
2002-01-08,10.82
2002-01-09,10.43
2002-01-10,10.72
2002-01-11,10.44
2002-01-14,10.45
2002-01-15,10.45
2002-01-16,10.14
2002-01-17,10.5
2002-01-18,10.45
2002-01-22,10.2
2002-01-23,10.8
2002-01-24,11.04
2002-01-25,10.9
2002-01-28,10.91
2002-01-29,10.65
2002-01-30,10.86
2002-01-31,11.34
2002-02-04,10.63
2002-02-05,10.67
2002-02-06,10.39
2002-02-07,10.33
2002-02-08,10.49
2002-02-11,10.4
2002-02-12,10.27
2002-02-13,10.5
2002-02-14,10.37
2002-02-15,10.29
2002-02-19,10.18
2002-02-20,10.32
2002-02-21,10.07
2002-02-22,10.31
2002-02-25,10.57
2002-02-26,10.64
2002-02-27,10.7
2002-02-28,10.98
2002-03-01,11.21
2002-03-04,11.48
2002-03-05,11.2
2002-03-06,11.04
2002-03-07,11.03
2002-03-08,10.95
2002-03-11,10.9
2002-03-12,10.92
2002-03-13,10.81
2002-03-14,11.13
2002-03-15,11.33
2002-03-18,11.33
2002-03-19,11.38
2002-03-20,11.3
2002-03-21,11.44
2002-03-22,11.25
2002-03-25,11.07
2002-03-26,11.21
2002-03-27,11.2
2002-03-28,11.03
2002-04-01,11.12
2002-04-02,11.11
2002-04-03,11.21
2002-04-04,11.39
2002-04-05,11.47
2002-04-08,11.66
2002-04-09,11.9
2002-04-10,11.95
2002-04-11,11.89
2002-04-12,12.01
2002-04-15,11.98
2002-04-16,12.11
2002-04-17,12.23
2002-04-18,12.12
2002-04-19,11.92
2002-04-22,11.91
2002-04-23,12.01
2002-04-24,12.01
2002-04-25,12.11
2002-04-26,11.22
2002-04-29,11.01
2002-04-30,10.89
2002-05-01,11.27
2002-05-02,11.28
2002-05-03,11.2
2002-05-06,10.81
2002-05-07,10.88
2002-05-08,10.85
2002-05-09,10.69
2002-05-10,10.5
2002-05-13,10.72
2002-05-14,11.25
2002-05-15,11.39
2002-05-16,11.39
2002-05-17,11.48
2002-05-20,11.12
2002-05-21,11
2002-05-22,10.91
2002-05-23,10.92
2002-05-24,10.7
2002-05-28,10.55
2002-05-29,10.96
2002-05-30,11.24
2002-05-31,11.58
2002-06-03,11.29
2002-06-04,11.55
2002-06-05,11.92
2002-06-06,11.62
2002-06-07,11.88
2002-06-10,11.75
2002-06-11,11.41
2002-06-12,11.64
2002-06-13,11.32
2002-06-14,11.28
2002-06-17,11.6
2002-06-18,11.67
2002-06-19,11.66
2002-06-20,11.92
2002-06-21,11.79
2002-06-24,11.81
2002-06-25,11.69
2002-06-26,11.68
2002-06-27,11.91
2002-06-28,11.85
2002-07-01,11.62
2002-07-02,11.22
2002-07-03,11.05
2002-07-05,11.37
2002-07-08,11.27
2002-07-09,10.82
2002-07-10,10.74
2002-07-11,10.68
2002-07-12,10.49
2002-07-15,10.58
2002-07-16,10.12
2002-07-17,10.21
2002-07-18,10
2002-07-19,9.59
2002-07-22,9.36
2002-07-23,9
2002-07-24,10.06
2002-07-25,9.55
2002-07-26,9.3
2002-07-29,9.69
2002-07-30,9.41
2002-07-31,9.36
2002-08-01,8.99
2002-08-02,8.97
2002-08-05,8.89
2002-08-06,9.11
2002-08-07,9.2
2002-08-08,9.25
2002-08-09,9.3
2002-08-12,9.41
2002-08-13,9.04
2002-08-14,9.77
2002-08-15,10.15
2002-08-16,9.93
2002-08-19,10.4
2002-08-20,10.04
2002-08-21,9.96
2002-08-22,10.08
2002-08-23,10.03
2002-08-26,10.01
2002-08-27,9.69
2002-08-28,9.47
2002-08-29,9.76
2002-08-30,9.59
2002-09-03,9.53
2002-09-04,9.87
2002-09-05,9.65
2002-09-06,9.96
2002-09-09,9.97
2002-09-10,10.04
2002-09-11,9.77
2002-09-12,9.63
2002-09-13,9.81
2002-09-16,9.81
2002-09-17,9.59
2002-09-18,9.7
2002-09-19,9.72
2002-09-20,9.91
2002-09-23,9.68
2002-09-24,9.53
2002-09-25,9.87
2002-09-26,10.1
2002-09-27,10.02
2002-09-30,9.86
2002-10-01,10.21
2002-10-02,9.99
2002-10-03,10.07
2002-10-04,10.12
2002-10-07,10.07
2002-10-08,10.37
2002-10-09,10.27
2002-10-10,10.59
2002-10-11,10.81
2002-10-14,11.02
2002-10-15,11.23
2002-10-16,11.17
2002-10-17,10.36
2002-10-18,10.65
2002-10-21,11.02
2002-10-22,10.78
2002-10-23,11.03
2002-10-24,10.71
2002-10-25,11.42
2002-10-28,11.06
2002-10-29,11.21
2002-10-30,11.34
2002-10-31,11.37
2002-11-01,11.38
2002-11-04,10.91
2002-11-05,11.13
2002-11-06,11.05
2002-11-07,10.94
2002-11-08,10.75
2002-11-11,10.39
2002-11-12,10.42
2002-11-13,10.44
2002-11-14,10.74
2002-11-15,10.5
2002-11-18,10.26
2002-11-19,10.2
2002-11-20,10.45
2002-11-21,10.27
2002-11-22,10.4
2002-11-25,10.5
2002-11-26,10.43
2002-11-27,10.7
2002-11-29,10.37
2002-12-02,10.29
2002-12-03,10.01
2002-12-04,10.09
2002-12-05,9.8
2002-12-06,10.14
2002-12-09,9.84
2002-12-10,9.82
2002-12-11,9.71
2002-12-12,9.88
2002-12-13,9.71
2002-12-16,10.16
2002-12-17,10.08
2002-12-18,10.18
2002-12-19,9.93
2002-12-20,9.89
2002-12-23,9.98
2002-12-24,9.87
2002-12-26,9.92
2002-12-27,9.8
2002-12-30,9.84
2002-12-31,9.72
2003-01-02,10.11
2003-01-03,10.08
2003-01-06,10.24
2003-01-07,10.13
2003-01-08,9.92
2003-01-09,9.92
2003-01-10,9.97
2003-01-13,9.85
2003-01-14,9.67
2003-01-15,9.71
2003-01-16,9.66
2003-01-17,9.58
2003-01-21,9.45
2003-01-22,9.56
2003-01-23,9.55
2003-01-24,10.95
2003-01-27,10.79
2003-01-28,10.82
2003-01-29,10.89
2003-01-30,10.73
2003-01-31,10.84
2003-02-03,10.79
2003-02-04,10.66
2003-02-05,10.59
2003-02-06,10.54
2003-02-07,10.49
2003-02-10,10.57
2003-02-11,10.55
2003-02-12,10.55
2003-02-13,10.47
2003-02-14,10.74
2003-02-18,10.93
2003-02-19,10.89
2003-02-20,10.78
2003-02-21,11.12
2003-02-24,10.74
2003-02-25,10.89
2003-02-26,10.59
2003-02-27,11.02
2003-02-28,11.19
2003-03-03,11.08
2003-03-04,11.15
2003-03-05,11.16
2003-03-06,11.15
2003-03-07,10.92
2003-03-10,10.72
2003-03-11,10.7
2003-03-12,10.73
2003-03-13,11.48
2003-03-14,11.57
2003-03-17,12.13
2003-03-18,11.96
2003-03-19,11.92
2003-03-20,12.05
2003-03-21,12.54
2003-03-24,12.06
2003-03-25,12.4
2003-03-26,12.54
2003-03-27,12.54
2003-03-28,12.35
2003-03-31,12.29
2003-04-01,12.08
2003-04-02,12.53
2003-04-03,12.31
2003-04-04,12.02
2003-04-07,12.17
2003-04-08,12.29
2003-04-09,12.13
2003-04-10,12.27
2003-04-11,12.18
2003-04-14,12.44
2003-04-15,12.76
2003-04-16,12.27
2003-04-17,12.33
2003-04-21,12.02
2003-04-22,11.98
2003-04-23,11.73
2003-04-24,12.04
2003-04-25,11.2
2003-04-28,11.46
2003-04-29,11.41
2003-04-30,11.22
2003-05-01,11.45
2003-05-02,11.34
2003-05-05,11.22
2003-05-06,11.43
2003-05-07,11.26
2003-05-08,10.97
2003-05-09,11.08
2003-05-12,11.16
2003-05-13,11.04
2003-05-14,11.02
2003-05-15,11.38
2003-05-16,11.21
2003-05-19,10.93
2003-05-20,11.01
2003-05-21,10.99
2003-05-22,11.22
2003-05-23,11.18
2003-05-27,11.31
2003-05-28,11.27
2003-05-29,11.26
2003-05-30,11.77
2003-06-02,11.68
2003-06-03,11.65
2003-06-04,11.63
2003-06-05,11.75
2003-06-06,11.68
2003-06-09,11.61
2003-06-10,11.64
2003-06-11,11.61
2003-06-12,11.53
2003-06-13,11.44
2003-06-16,11.81
2003-06-17,11.66
2003-06-18,11.53
2003-06-19,11.53
2003-06-20,11.46
2003-06-23,11.49
2003-06-24,11.47
2003-06-25,11.49
2003-06-26,11.66
2003-06-27,11.71
2003-06-30,11.71
2003-07-01,12.08
2003-07-02,12.87
2003-07-03,12.72
2003-07-07,13.01
2003-07-08,13.03
2003-07-09,12.94
2003-07-10,12.72
2003-07-11,12.81
2003-07-14,12.8
2003-07-15,12.63
2003-07-16,12.84
2003-07-17,12.56
2003-07-18,12.71
2003-07-21,12.74
2003-07-22,12.83
2003-07-23,12.8
2003-07-24,12.59
2003-07-25,12.74
2003-07-28,12.69
2003-07-29,12.58
2003-07-30,12.82
2003-07-31,13.04
2003-08-01,12.93
2003-08-04,12.86
2003-08-05,12.55
2003-08-06,12.47
2003-08-07,12.46
2003-08-08,12.49
2003-08-11,12.6
2003-08-12,12.71
2003-08-13,12.65
2003-08-14,12.86
2003-08-15,12.83
2003-08-18,12.99
2003-08-19,12.89
2003-08-20,12.94
2003-08-21,12.94
2003-08-22,12.78
2003-08-25,12.97
2003-08-26,12.93
2003-08-27,12.94
2003-08-28,13.19
2003-08-29,13.54
2003-09-02,13.72
2003-09-03,13.82
2003-09-04,13.92
2003-09-05,13.74
2003-09-08,13.83
2003-09-09,13.78
2003-09-10,13.61
2003-09-11,13.86
2003-09-12,13.91
2003-09-15,13.77
2003-09-16,14.03
2003-09-17,13.89
2003-09-18,14.11
2003-09-19,13.92
2003-09-22,13.87
2003-09-23,14.4
2003-09-24,14.36
2003-09-25,14.3
2003-09-26,14.11
2003-09-29,13.95
2003-09-30,13.74
2003-10-01,13.98
2003-10-02,14.04
2003-10-03,14.42
2003-10-06,14.33
2003-10-07,14.45
2003-10-08,14.27
2003-10-09,14.41
2003-10-10,14.4
2003-10-13,14.5
2003-10-14,14.48
2003-10-15,14.43
2003-10-16,14.52
2003-10-17,14.34
2003-10-20,14.4
2003-10-21,14.31
2003-10-22,14.27
2003-10-23,14.32
2003-10-24,14.44
2003-10-27,14.32
2003-10-28,14.79
2003-10-29,14.84
2003-10-30,15
2003-10-31,15.07
2003-11-03,15.13
2003-11-04,15.06
2003-11-05,15.33
2003-11-06,15.51
2003-11-07,15.52
2003-11-10,15.3
2003-11-11,15.26
2003-11-12,15.55
2003-11-13,15.74
2003-11-14,15.3
2003-11-17,15.13
2003-11-18,14.77
2003-11-19,14.65
2003-11-20,14.53
2003-11-21,14.55
2003-11-24,14.84
2003-11-25,15.03
2003-11-26,15.3
2003-11-28,15.35
2003-12-01,15.47
2003-12-02,15.29
2003-12-03,15.24
2003-12-04,15.27
2003-12-05,15.19
2003-12-08,15.42
2003-12-09,15.1
2003-12-10,15.13
2003-12-11,15.36
2003-12-12,15.14
2003-12-15,15.04
2003-12-16,15.27
2003-12-17,15.16
2003-12-18,15.42
2003-12-19,15.31
2003-12-22,15.27
2003-12-23,15.3
2003-12-24,15.19
2003-12-26,15.24
2003-12-29,15.41
2003-12-30,15.6
2003-12-31,15.82
2004-01-02,15.7
2004-01-05,15.94
2004-01-06,16.13
2004-01-07,16.07
2004-01-08,15.92
2004-01-09,15.79
2004-01-12,15.91
2004-01-13,15.8
2004-01-14,16.04
2004-01-15,16.19
2004-01-16,16.49
2004-01-20,16.62
2004-01-21,16.7
2004-01-22,17.04
2004-01-23,17.12
2004-01-26,17.34
2004-01-27,17.02
2004-01-28,16.92
2004-01-29,17.4
2004-01-30,17.46
2004-02-02,17.28
2004-02-03,17.4
2004-02-04,17.58
2004-02-05,17.54
2004-02-06,17.77
2004-02-09,17.57
2004-02-10,17.61
2004-02-11,17.83
2004-02-12,17.64
2004-02-13,17.51
2004-02-17,18.49
2004-02-18,18.12
2004-02-19,18.15
2004-02-20,18.02
2004-02-23,18.03
2004-02-24,18.54
2004-02-25,18.58
2004-02-26,17.85
2004-02-27,17.84
2004-03-01,18.05
2004-03-02,17.84
2004-03-03,18.04
2004-03-04,18.09
2004-03-05,18.14
2004-03-08,17.87
2004-03-09,17.9
2004-03-10,18.05
2004-03-11,17.95
2004-03-12,17.94
2004-03-15,17.66
2004-03-16,17.83
2004-03-17,17.82
2004-03-18,17.68
2004-03-19,17.55
2004-03-22,17.75
2004-03-23,17.56
2004-03-24,17.64
2004-03-25,17.79
2004-03-26,17.56
2004-03-29,17.97
2004-03-30,18.14
2004-03-31,18.07
2004-04-01,18.24
2004-04-02,18.75
2004-04-05,18.94
2004-04-06,18.94
2004-04-07,18.71
2004-04-08,18.67
2004-04-12,18.7
2004-04-13,18.36
2004-04-14,18.24
2004-04-15,18.16
2004-04-16,18.05
2004-04-19,18.17
2004-04-20,17.76
2004-04-21,17.76
2004-04-22,18.63
2004-04-23,18.69
2004-04-26,18.6
2004-04-27,18.73
2004-04-28,18.58
2004-04-29,18.66
2004-04-30,18.57
2004-05-03,18.68
2004-05-04,18.89
2004-05-05,19
2004-05-06,18.81
2004-05-07,18.2
2004-05-10,18.11
2004-05-11,18.19
2004-05-12,18.02
2004-05-13,18.06
2004-05-14,18.15
2004-05-17,17.93
2004-05-18,17.94
2004-05-19,17.91
2004-05-20,18.35
2004-05-21,18.5
2004-05-24,18.49
2004-05-25,18.88
2004-05-26,18.92
2004-05-27,19.09
2004-05-28,19.37
2004-06-01,19.58
2004-06-02,19.76
2004-06-03,19.65
2004-06-04,19.73
2004-06-07,20.19
2004-06-08,20.56
2004-06-09,20.39
2004-06-10,20.34
2004-06-14,20.03
2004-06-15,20.41
2004-06-16,20.47
2004-06-17,20.54
2004-06-18,20.85
2004-06-21,20.88
2004-06-22,20.89
2004-06-23,21.08
2004-06-24,20.81
2004-06-25,20.61
2004-06-28,20.64
2004-06-29,20.61
2004-06-30,20.75
2004-07-01,21.29
2004-07-02,21.72
2004-07-06,21.66
2004-07-07,22.01
2004-07-08,21.54
2004-07-09,21.78
2004-07-12,21.76
2004-07-13,21.85
2004-07-14,21.93
2004-07-15,21.95
2004-07-16,22.03
2004-07-19,22.22
2004-07-20,22.15
2004-07-21,21.77
2004-07-22,22.78
2004-07-23,22.45
2004-07-26,22.29
2004-07-27,22.79
2004-07-28,22.84
2004-07-29,22.67
2004-07-30,22.42
2004-08-02,22.17
2004-08-03,21.87
2004-08-04,21.67
2004-08-05,21.61
2004-08-06,20.84
2004-08-09,20.97
2004-08-10,21.51
2004-08-11,21.28
2004-08-12,20.86
2004-08-13,20.6
2004-08-16,20.79
2004-08-17,20.85
2004-08-18,21.22
2004-08-19,21.3
2004-08-20,21.49
2004-08-23,21.46
2004-08-24,21.78
2004-08-25,21.96
2004-08-26,20.55
2004-08-27,20.31
2004-08-30,20.4
2004-08-31,20.63
2004-09-01,20.62
2004-09-02,21.18
2004-09-03,21.16
2004-09-07,21.17
2004-09-08,21.14
2004-09-09,21.29
2004-09-10,21.4
2004-09-13,21.48
2004-09-14,21.93
2004-09-15,21.67
2004-09-16,21.76
2004-09-17,21.97
2004-09-20,21.75
2004-09-21,21.82
2004-09-22,21.36
2004-09-23,21.31
2004-09-24,21.49
2004-09-27,21.17
2004-09-28,21.27
2004-09-29,21.71
2004-09-30,21.69
2004-10-01,22.53
2004-10-04,22.45
2004-10-05,22.63
2004-10-06,22.89
2004-10-07,22.46
2004-10-08,22.61
2004-10-11,22.81
2004-10-12,22.92
2004-10-13,22.73
2004-10-14,22.8
2004-10-15,23.6
2004-10-18,24
2004-10-19,24
2004-10-20,23.98
2004-10-21,24.21
2004-10-22,23.92
2004-10-25,23.69
2004-10-26,24.1
2004-10-27,24.71
2004-10-28,25.21
2004-10-29,25.23
2004-11-01,25.43
2004-11-02,25.27
2004-11-03,25.51
2004-11-04,26.07
2004-11-05,26
2004-11-08,25.95
2004-11-09,26.15
2004-11-10,26.38
2004-11-11,26.45
2004-11-12,26.38
2004-11-15,26.31
2004-11-16,26.07
2004-11-17,26.52
2004-11-18,26.61
2004-11-19,26.34
2004-11-22,26.95
2004-11-23,26.91
2004-11-24,27.08
2004-11-26,27
2004-11-29,26.91
2004-11-30,26.84
2004-12-01,27.45
2004-12-02,27.98
2004-12-03,27.95
2004-12-06,28.02
2004-12-07,27.32
2004-12-08,27.77
2004-12-09,27.98
2004-12-10,27.7
2004-12-13,28
2004-12-14,28.01
2004-12-15,27.99
2004-12-16,27.69
2004-12-17,27.75
2004-12-20,28.03
2004-12-21,28.13
2004-12-22,29.17
2004-12-23,28.92
2004-12-27,29.29
2004-12-28,30.1
2004-12-29,30.47
2004-12-30,29.88
2004-12-31,29.75
2005-01-03,29.17
2005-01-04,29.15
2005-01-05,29.39
2005-01-06,28.5
2005-01-07,28.47
2005-01-10,27.59
2005-01-11,27.38
2005-01-12,27.2
2005-01-13,26.41
2005-01-14,26.81
2005-01-18,27.64
2005-01-19,27.55
2005-01-20,27.01
2005-01-21,26.56
2005-01-24,25.72
2005-01-25,25.76
2005-01-26,26.4
2005-01-27,25.3
2005-01-28,25.62
2005-01-31,25.76
2005-02-01,25.93
2005-02-02,25.76
2005-02-03,23.65
2005-02-04,24.17
2005-02-07,24.33
2005-02-08,24.6
2005-02-09,24.11
2005-02-10,23.94
2005-02-11,23.94
2005-02-14,23.78
2005-02-15,24.1
2005-02-16,24.04
2005-02-17,23.76
2005-02-18,23.82
2005-02-22,23.68
2005-02-23,23.8
2005-02-24,24.4
2005-02-25,24.41
2005-02-28,24.72
2005-03-01,25.08
2005-03-02,25.19
2005-03-03,25.56
2005-03-04,25.97
2005-03-07,26.31
2005-03-08,26.03
2005-03-09,26.03
2005-03-10,25.9
2005-03-11,25.52
2005-03-14,25.62
2005-03-15,25.45
2005-03-16,24.84
2005-03-17,24.87
2005-03-18,25.05
2005-03-21,24.89
2005-03-22,24.64
2005-03-23,24.54
2005-03-24,24.73
2005-03-28,24.89
2005-03-29,25.08
2005-03-30,25.19
2005-03-31,24.64
2005-04-01,24.45
2005-04-04,24.52
2005-04-05,24.68
2005-04-06,24.87
2005-04-07,24.09
2005-04-08,23.19
2005-04-11,22.66
2005-04-12,22.87
2005-04-13,22.47
2005-04-14,22.36
2005-04-15,22.58
2005-04-18,22.42
2005-04-19,22.05
2005-04-20,21.79
2005-04-21,22.14
2005-04-22,21.73
2005-04-25,22.64
2005-04-26,22.24
2005-04-27,22.14
2005-04-28,23.17
2005-04-29,23.62
2005-05-02,23.76
2005-05-03,23.86
2005-05-04,24.14
2005-05-05,24.92
2005-05-06,25.01
2005-05-09,24.92
2005-05-10,24.76
2005-05-11,25.26
2005-05-12,25.36
2005-05-13,25.76
2005-05-16,25.66
2005-05-17,25.78
2005-05-18,26.26
2005-05-19,26.28
2005-05-20,26.23
2005-05-23,26.2
2005-05-24,26.13
2005-05-25,26.24
2005-05-26,26.33
2005-05-27,26.54
2005-05-31,26.14
2005-06-01,26.21
2005-06-02,26.83
2005-06-03,26.46
2005-06-06,26.61
2005-06-07,26.48
2005-06-08,26.29
2005-06-09,26.38
2005-06-10,26.13
2005-06-13,26.39
2005-06-14,26.35
2005-06-15,26.39
2005-06-16,26.24
2005-06-17,26.02
2005-06-20,25.97
2005-06-21,25.7
2005-06-22,25.75
2005-06-23,25.38
2005-06-24,25.02
2005-06-27,24.79
2005-06-28,25.31
2005-06-29,24.89
2005-06-30,24.64
2005-07-01,24.35
2005-07-05,24.8
2005-07-06,24.13
2005-07-07,23.94
2005-07-08,24.7
2005-07-11,24.82
2005-07-12,24.79
2005-07-13,24.67
2005-07-14,25.03
2005-07-15,25.14
2005-07-18,24.97
2005-07-19,24.62
2005-07-20,24.82
2005-07-21,24.63
2005-07-22,24.48
2005-07-25,24.07
2005-07-26,24.04
2005-07-27,24.02
2005-07-28,25.13
2005-07-29,25.07
2005-08-01,24.9
2005-08-02,24.86
2005-08-03,24.76
2005-08-04,24.32
2005-08-05,24.11
2005-08-08,24.32
2005-08-09,24.7
2005-08-10,24.51
2005-08-11,24.99
2005-08-12,24.82
2005-08-15,24.92
2005-08-16,24.37
2005-08-17,24.49
2005-08-18,24.4
2005-08-19,24.38
2005-08-22,24.16
2005-08-23,23.97
2005-08-24,23.58
2005-08-25,23.58
2005-08-26,23.58
2005-08-29,23.48
2005-08-30,23.17
2005-08-31,23.39
2005-09-01,23.23
2005-09-02,23.04
2005-09-06,23.16
2005-09-07,23.03
2005-09-08,23
2005-09-09,23.08
2005-09-12,23.12
2005-09-13,22.88
2005-09-14,22.5
2005-09-15,22.56
2005-09-16,22.41
2005-09-19,22.19
2005-09-20,22.02
2005-09-21,22.26
2005-09-22,23.05
2005-09-23,23.16
2005-09-26,23.2
2005-09-27,23.16
2005-09-28,22.89
2005-09-29,23.44
2005-09-30,23.9
2005-10-03,24.04
2005-10-04,24.11
2005-10-05,23.76
2005-10-06,24.65
2005-10-07,24.35
2005-10-10,24.48
2005-10-11,24.4
2005-10-12,24.2
2005-10-13,25.24
2005-10-14,25.23
2005-10-17,25.33
2005-10-18,25.09
2005-10-19,26.11
2005-10-20,25.85
2005-10-21,26.24
2005-10-24,26.61
2005-10-25,26.61
2005-10-26,26.4
2005-10-27,25.64
2005-10-28,26.53
2005-10-31,26.98
2005-11-01,26.86
2005-11-02,27.51
2005-11-03,28.08
2005-11-04,28.97
2005-11-07,29.01
2005-11-08,28.15
2005-11-09,28.15
2005-11-10,28.59
2005-11-11,28.77
2005-11-14,28.92
2005-11-15,28.89
2005-11-16,29.02
2005-11-17,29.79
2005-11-18,29.56
2005-11-21,30.44
2005-11-22,30.1
2005-11-23,30.29
2005-11-25,30.24
2005-11-28,29.7
2005-11-29,29.42
2005-11-30,29.05
2005-12-01,29.71
2005-12-02,30.46
2005-12-05,30.49
2005-12-06,30.34
2005-12-07,29.9
2005-12-08,29.43
2005-12-09,29.68
2005-12-12,29.47
2005-12-13,30.05
2005-12-14,30.21
2005-12-15,30.17
2005-12-16,29.76
2005-12-19,29.24
2005-12-20,28.78
2005-12-21,29.13
2005-12-22,29.37
2005-12-23,29.16
2005-12-27,29.15
2005-12-28,29.16
2005-12-29,29.11
2005-12-30,28.63
2006-01-03,29.45
2006-01-04,30.22
2006-01-05,30.16
2006-01-06,30.17
2006-01-09,29.86
2006-01-10,29.6
2006-01-11,29.69
2006-01-12,29.54
2006-01-13,29.85
2006-01-17,29.71
2006-01-18,29.7
2006-01-19,29.91
2006-01-20,28.92
2006-01-23,28.85
2006-01-24,29.3
2006-01-25,28.97
2006-01-26,30.04
2006-01-27,30.48
2006-01-30,30.41
2006-01-31,30.24
2006-02-01,29.92
2006-02-02,32.82
2006-02-03,32.32
2006-02-06,32.91
2006-02-07,32.74
2006-02-08,33.13
2006-02-09,33.57
2006-02-10,33.87
2006-02-13,32.98
2006-02-14,33.08
2006-02-15,33.56
2006-02-16,34.2
2006-02-17,33.77
2006-02-21,33.64
2006-02-22,34.37
2006-02-23,34.51
2006-02-24,34.27
2006-02-27,35.02
2006-02-28,34.65
2006-03-01,34.61
2006-03-02,33.82
2006-03-03,33.95
2006-03-06,34.26
2006-03-07,33.92
2006-03-08,33.73
2006-03-09,33.32
2006-03-10,33.77
2006-03-13,33.42
2006-03-14,34.59
2006-03-15,34.83
2006-03-16,34.52
2006-03-17,34.93
2006-03-20,35.2
2006-03-21,34.61
2006-03-22,34.88
2006-03-23,34.47
2006-03-24,34.94
2006-03-27,34.91
2006-03-28,34.92
2006-03-29,35.81
2006-03-30,35.81
2006-03-31,35.9
2006-04-03,36.25
2006-04-04,36.57
2006-04-05,35.77
2006-04-06,35.73
2006-04-07,36.12
2006-04-10,36.23
2006-04-11,35.85
2006-04-12,36.27
2006-04-13,36.53
2006-04-17,36.12
2006-04-18,36.8
2006-04-19,37.1
2006-04-20,37.08
2006-04-21,36.92
2006-04-24,36.84
2006-04-25,36.41
2006-04-26,35.84
2006-04-27,35.26
2006-04-28,35.56
2006-05-01,35.54
2006-05-02,36.08
2006-05-03,35.64
2006-05-04,37.01
2006-05-05,37.81
2006-05-08,37.46
2006-05-09,36.68
2006-05-10,36.45
2006-05-11,34.86
2006-05-12,34.01
2006-05-15,34.63
2006-05-16,35.36
2006-05-17,34.74
2006-05-18,34.33
2006-05-19,34.66
2006-05-22,34.57
2006-05-23,33.96
2006-05-24,33.59
2006-05-25,33.81
2006-05-26,33.8
2006-05-30,33.33
2006-05-31,34.01
2006-06-01,34.55
2006-06-02,34.34
2006-06-05,33.76
2006-06-06,33.65
2006-06-07,34.07
2006-06-08,34.58
2006-06-09,34.24
2006-06-12,33.79
2006-06-13,33.54
2006-06-14,34.22
2006-06-15,35.1
2006-06-16,34.93
2006-06-19,34.31
2006-06-20,34.19
2006-06-21,34.75
2006-06-22,34.43
2006-06-23,34.82
2006-06-26,34.81
2006-06-27,34.1
2006-06-28,34.09
2006-06-29,36.23
2006-06-30,36.03
2006-07-03,36.27
2006-07-05,35.84
2006-07-06,36.14
2006-07-07,34.39
2006-07-10,33.99
2006-07-11,34.33
2006-07-12,32.85
2006-07-13,32.46
2006-07-14,32.11
2006-07-17,32.67
2006-07-18,31.87
2006-07-19,32.29
2006-07-20,31.88
2006-07-21,32.24
2006-07-24,33.12
2006-07-25,33.77
2006-07-26,32.46
2006-07-27,32.04
2006-07-28,32.47
2006-07-31,32.66
2006-08-01,31.45
2006-08-02,31.77
2006-08-03,29.23
2006-08-04,29.2
2006-08-07,29.39
2006-08-08,28.95
2006-08-09,28.19
2006-08-10,28.58
2006-08-11,28.53
2006-08-14,28.58
2006-08-15,28.8
2006-08-16,29.23
2006-08-17,29.85
2006-08-18,29.69
2006-08-21,29.27
2006-08-22,28.78
2006-08-23,28.33
2006-08-24,28.27
2006-08-25,28.58
2006-08-28,29.07
2006-08-29,28.97
2006-08-30,29.33
2006-08-31,29.59
2006-09-01,30.3
2006-09-05,30.52
2006-09-06,30.05
2006-09-07,29.69
2006-09-08,29.76
2006-09-11,30.06
2006-09-12,30.95
2006-09-13,31.52
2006-09-14,31.51
2006-09-15,32.3
2006-09-18,32.1
2006-09-19,32.13
2006-09-20,33.09
2006-09-21,32.45
2006-09-22,32.45
2006-09-25,32.87
2006-09-26,32.7
2006-09-27,32.89
2006-09-28,32.65
2006-09-29,32.49
2006-10-02,32.08
2006-10-03,32.45
2006-10-04,34.31
2006-10-05,36.91
2006-10-06,36.65
2006-10-09,36.64
2006-10-10,36.29
2006-10-11,35.7
2006-10-12,36.22
2006-10-13,36.19
2006-10-16,36.64
2006-10-17,36.12
2006-10-18,36.06
2006-10-19,36.05
2006-10-20,35.72
2006-10-23,36.54
2006-10-24,36.46
2006-10-25,36.69
2006-10-26,37.09
2006-10-27,36.27
2006-10-30,36.39
2006-10-31,36.02
2006-11-01,35.87
2006-11-02,35.61
2006-11-03,34.8
2006-11-06,35.76
2006-11-07,35.37
2006-11-08,35.62
2006-11-09,35.23
2006-11-10,36.06
2006-11-13,36.68
2006-11-14,36.71
2006-11-15,37.18
2006-11-16,37.62
2006-11-17,35.7
2006-11-20,35.06
2006-11-21,34.89
2006-11-22,34.71
2006-11-24,34.64
2006-11-27,34.17
2006-11-28,33.7
2006-11-29,34.06
2006-11-30,33.67
2006-12-01,33.58
2006-12-04,34.11
2006-12-05,35.15
2006-12-06,35.17
2006-12-07,34.81
2006-12-08,34.75
2006-12-11,34.95
2006-12-12,34.62
2006-12-13,34.42
2006-12-14,34.92
2006-12-15,34.75
2006-12-18,34.6
2006-12-19,34.85
2006-12-20,34.75
2006-12-21,34.74
2006-12-22,34.19
2006-12-26,34.05
2006-12-27,34.15
2006-12-28,34.08
2006-12-29,33.79
2007-01-03,33.63
2007-01-04,33.67
2007-01-05,33.53
2007-01-08,33.4
2007-01-09,33.26
2007-01-10,33.15
2007-01-11,34.17
2007-01-12,34.25
2007-01-16,34.56
2007-01-17,34.62
2007-01-18,34.13
2007-01-19,33.91
2007-01-22,33.67
2007-01-23,33.35
2007-01-24,33.19
2007-01-25,32.41
2007-01-26,32.32
2007-01-29,32.97
2007-01-30,32.97
2007-01-31,33.34
2007-02-01,32.83
2007-02-02,32.7
2007-02-05,32.46
2007-02-06,32.12
2007-02-07,32.12
2007-02-08,31.89
2007-02-09,31.45
2007-02-12,31.17
2007-02-13,31.16
2007-02-14,31.81
2007-02-15,31.69
2007-02-16,31.49
2007-02-20,31.31
2007-02-21,30.91
2007-02-22,31.49
2007-02-23,31.25
2007-02-26,30.54
2007-02-27,29.34
2007-02-28,29.48
2007-03-01,28.99
2007-03-02,28.51
2007-03-05,28.06
2007-03-06,28.62
2007-03-07,29.07
2007-03-08,29.29
2007-03-09,28.92
2007-03-12,28.69
2007-03-13,28.01
2007-03-14,27.97
2007-03-15,28.23
2007-03-16,29.18
2007-03-19,29.62
2007-03-20,29.94
2007-03-21,30.79
2007-03-22,30.19
2007-03-23,29.98
2007-03-26,30.48
2007-03-27,30.26
2007-03-28,29.84
2007-03-29,29.89
2007-03-30,29.92
2007-04-02,29.82
2007-04-03,30.04
2007-04-04,29.9
2007-04-05,29.96
2007-04-09,29.71
2007-04-10,29.73
2007-04-11,29.32
2007-04-12,29.26
2007-04-13,29.35
2007-04-16,29.62
2007-04-17,29.62
2007-04-18,29.56
2007-04-19,29.37
2007-04-20,30.21
2007-04-23,30.12
2007-04-24,29.9
2007-04-25,30.38
2007-04-26,30.36
2007-04-27,30.05
2007-04-30,29.6
2007-05-01,29.59
2007-05-02,29.82
2007-05-03,30.17
2007-05-04,29.29
2007-05-07,28.96
2007-05-08,28.79
2007-05-09,28.66
2007-05-10,28.18
2007-05-11,28.25
2007-05-14,27.57
2007-05-15,27.09
2007-05-16,26.91
2007-05-17,27.16
2007-05-18,27.62
2007-05-21,27.94
2007-05-22,27.68
2007-05-23,27.56
2007-05-24,27.01
2007-05-25,27.3
2007-05-29,27.26
2007-05-30,27.38
2007-05-31,27.49
2007-06-01,27.79
2007-06-04,27.51
2007-06-05,27.28
2007-06-06,26.86
2007-06-07,26.18
2007-06-08,26.4
2007-06-11,26.28
2007-06-12,26.47
2007-06-13,26.5
2007-06-14,26.34
2007-06-15,26.5
2007-06-18,26.39
2007-06-19,26.32
2007-06-20,26.07
2007-06-21,25.05
2007-06-22,24.37
2007-06-25,24.48
2007-06-26,24.59
2007-06-27,24.93
2007-06-28,25.24
2007-06-29,25.04
2007-07-02,24.85
2007-07-03,25.15
2007-07-05,25.13
2007-07-06,25.33
2007-07-09,25.13
2007-07-10,24.91
2007-07-11,24.8
2007-07-12,24.77
2007-07-13,24.87
2007-07-16,24.88
2007-07-17,24.68
2007-07-18,25.28
2007-07-19,26.44
2007-07-20,26.43
2007-07-23,26.88
2007-07-24,26.99
2007-07-25,26.68
2007-07-26,26.17
2007-07-27,25.69
2007-07-30,25.74
2007-07-31,25.46
2007-08-01,25.95
2007-08-02,25.68
2007-08-03,25.1
2007-08-06,25.66
2007-08-07,25.87
2007-08-08,26.45
2007-08-09,26.76
2007-08-10,26.75
2007-08-13,26.53
2007-08-14,25.9
2007-08-15,25.35
2007-08-16,25.39
2007-08-17,25.47
2007-08-20,25.67
2007-08-21,26.09
2007-08-22,26.28
2007-08-23,26.26
2007-08-24,26.32
2007-08-27,26.11
2007-08-28,25.65
2007-08-29,26.22
2007-08-30,26.09
2007-08-31,26.29
2007-09-04,26.45
2007-09-05,26.18
2007-09-06,26.31
2007-09-07,25.91
2007-09-10,25.8
2007-09-11,26.08
2007-09-12,26.08
2007-09-13,26.22
2007-09-14,26.37
2007-09-17,26.05
2007-09-18,26.55
2007-09-19,26.5
2007-09-20,26.23
2007-09-21,26.21
2007-09-24,25.9
2007-09-25,25.85
2007-09-26,26.42
2007-09-27,25.73
2007-09-28,25
2007-10-01,25.11
2007-10-02,25.38
2007-10-03,25.32
2007-10-04,25.3
2007-10-05,25.61
2007-10-08,25.44
2007-10-09,25.54
2007-10-10,25.33
2007-10-11,25.11
2007-10-12,25.13
2007-10-15,24.91
2007-10-16,24.87
2007-10-17,25.19
2007-10-18,25.44
2007-10-19,24.9
2007-10-22,24.99
2007-10-23,24.94
2007-10-24,24.87
2007-10-25,24.97
2007-10-26,24.97
2007-10-29,25.03
2007-10-30,24.95
2007-10-31,25.46
2007-11-01,24.64
2007-11-02,24.36
2007-11-05,23.81
2007-11-06,23.8
2007-11-07,23
2007-11-08,22.33
2007-11-09,21.53
2007-11-12,22.08
2007-11-13,22.89
2007-11-14,23.14
2007-11-15,22.99
2007-11-16,22.11
2007-11-19,21.82
2007-11-20,22.04
2007-11-21,21.76
2007-11-23,22.01
2007-11-26,21.16
2007-11-27,21.57
2007-11-28,21.91
2007-11-29,21.98
2007-11-30,22.32
2007-12-03,21.76
2007-12-04,21.31
2007-12-05,21.61
2007-12-06,21.8
2007-12-07,21.58
2007-12-10,21.69
2007-12-11,20.89
2007-12-12,20.88
2007-12-13,20.51
2007-12-14,20.27
2007-12-17,19.22
2007-12-18,19.65
2007-12-19,19.11
2007-12-20,19.59
2007-12-21,20.09
2007-12-24,20.25
2007-12-26,19.86
2007-12-27,19.52
2007-12-28,19.21
2007-12-31,19.53
2008-01-02,18.42
2008-01-03,17.84
2008-01-04,17.28
2008-01-07,17.54
2008-01-08,18.95
2008-01-09,18.57
2008-01-10,19.38
2008-01-11,18.88
2008-01-14,18.65
2008-01-15,17.98
2008-01-16,18.41
2008-01-17,18.18
2008-01-18,17.8
2008-01-22,17.81
2008-01-23,19.05
2008-01-24,19.51
2008-01-25,18.76
2008-01-28,18.76
2008-01-29,19.05
2008-01-30,18.34
2008-01-31,18.04
2008-02-01,18.34
2008-02-04,18.31
2008-02-05,17.66
2008-02-06,17.32
2008-02-07,17.68
2008-02-08,17.42
2008-02-11,17.67
2008-02-12,17.85
2008-02-13,17.98
2008-02-14,17.35
2008-02-15,17.45
2008-02-19,17.27
2008-02-20,17.42
2008-02-21,17.01
2008-02-22,17.41
2008-02-25,17.65
2008-02-26,18.19
2008-02-27,18.17
2008-02-28,17.72
2008-02-29,17.15
